{"1": 0.7152777910232544, "2": 0.3472222089767456, "3": 0.8576388955116272, "4": 0.59375, "5": 0.5625, "6": 0.5208333134651184, "7": 0.7395833134651184, "8": 0.7152777910232544, "9": 0.65625}{"1": 0.7152777910232544, "2": 0.3472222089767456, "3": 0.8576388955116272, "4": 0.59375, "5": 0.5625, "6": 0.5208333134651184, "7": 0.7395833134651184, "8": 0.7152777910232544, "9": 0.65625}