{"1": 0.699999988079071, "2": 0.6892856955528259, "3": 0.6812499761581421, "4": 0.949999988079071, "5": 0.981249988079071, "6": 0.871874988079071, "7": 0.890625, "8": 0.9281250238418579, "9": 0.840624988079071}