{"1": 0.7718750238418579, "2": 0.6678571701049805, "3": 0.8687499761581421, "4": 0.96875, "5": 0.9624999761581421, "6": 0.921875, "7": 0.9156249761581421, "8": 0.940625011920929, "9": 0.903124988079071}