{"1": 0.6979166865348816, "2": 0.3958333432674408, "3": 0.8506944179534912, "4": 0.5729166865348816, "5": 0.5833333134651184, "6": 0.5243055820465088, "7": 0.6944444179534912, "8": 0.7291666865348816, "9": 0.6423611044883728}