{"1": 0.6937500238418579, "2": 0.6928571462631226, "3": 0.628125011920929, "4": 0.9468749761581421, "5": 0.9750000238418579, "6": 0.8187500238418579, "7": 0.8999999761581421, "8": 0.9281250238418579, "9": 0.84375}