{"1": 0.768750011920929, "2": 0.6642857193946838, "3": 0.8656250238418579, "4": 0.96875, "5": 0.9624999761581421, "6": 0.8968750238418579, "7": 0.909375011920929, "8": 0.934374988079071, "9": 0.890625}