{
    "1": {
        "train_acc": 0.88671875,
        "val_acc": 0.6918402910232544,
        "test_acc": 0.6770833134651184
    },
    "2": {
        "train_acc": 0.9032118320465088,
        "val_acc": 0.7400173544883728,
        "test_acc": 0.4305555522441864
    },
    "3": {
        "train_acc": 0.8858506679534912,
        "val_acc": 0.6840277910232544,
        "test_acc": 0.7986111044883728
    },
    "4": {
        "train_acc": 0.9123263955116272,
        "val_acc": 0.7265625,
        "test_acc": 0.5277777910232544
    },
    "5": {
        "train_acc": 0.8980034589767456,
        "val_acc": 0.7330729365348816,
        "test_acc": 0.5763888955116272
    },
    "6": {
        "train_acc": 0.9188368320465088,
        "val_acc": 0.7413194179534912,
        "test_acc": 0.4548611044883728
    },
    "7": {
        "train_acc": 0.8949652910232544,
        "val_acc": 0.6922743320465088,
        "test_acc": 0.6701388955116272
    },
    "8": {
        "train_acc": 0.8832465410232544,
        "val_acc": 0.6940104365348816,
        "test_acc": 0.6597222089767456
    },
    "9": {
        "train_acc": 0.8932291865348816,
        "val_acc": 0.7100694179534912,
        "test_acc": 0.7152777910232544
    }
}
