{"1": {"train_acc": {"subject_2": 0.9548611044883728, "subject_3": 0.9791666865348816, "subject_4": 0.9270833134651184, "subject_5": 0.9583333134651184, "subject_6": 0.9444444179534912, "subject_7": 0.9861111044883728, "subject_8": 0.9895833134651184, "subject_9": 0.9965277910232544, "total": 0.9670138955116272}, "val_acc": {"subject_2": 0.5833333134651184, "subject_3": 0.90625, "subject_4": 0.7256944179534912, "subject_5": 0.78125, "subject_6": 0.6527777910232544, "subject_7": 0.8194444179534912, "subject_8": 0.8263888955116272, "subject_9": 0.8576388955116272, "total": 0.7690972089767456}, "test_acc": {"subject_1": 0.6805555820465088, "total": 0.6805555820465088}}, "2": {"train_acc": {"subject_1": 0.9861111044883728, "subject_3": 0.9861111044883728, "subject_4": 0.9201388955116272, "subject_5": 0.9513888955116272, "subject_6": 0.9270833134651184, "subject_7": 0.9861111044883728, "subject_8": 0.9791666865348816, "subject_9": 0.9861111044883728, "total": 0.9652777910232544}, "val_acc": {"subject_1": 0.8125, "subject_3": 0.875, "subject_4": 0.7118055820465088, "subject_5": 0.7847222089767456, "subject_6": 0.6423611044883728, "subject_7": 0.8819444179534912, "subject_8": 0.8263888955116272, "subject_9": 0.8298611044883728, "total": 0.7955729365348816}, "test_acc": {"subject_2": 0.3958333432674408, "total": 0.3958333432674408}}, "3": {"train_acc": {"subject_1": 0.9722222089767456, "subject_2": 0.9583333134651184, "subject_4": 0.9340277910232544, "subject_5": 0.9409722089767456, "subject_6": 0.9444444179534912, "subject_7": 0.9826388955116272, "subject_8": 0.9861111044883728, "subject_9": 0.9895833134651184, "total": 0.9635416865348816}, "val_acc": {"subject_1": 0.8159722089767456, "subject_2": 0.5138888955116272, "subject_4": 0.7083333134651184, "subject_5": 0.7881944179534912, "subject_6": 0.6770833134651184, "subject_7": 0.8611111044883728, "subject_8": 0.8229166865348816, "subject_9": 0.8333333134651184, "total": 0.7526041865348816}, "test_acc": {"subject_3": 0.8402777910232544, "total": 0.8402777910232544}}, "4": {"train_acc": {"subject_1": 0.9791666865348816, "subject_2": 0.9479166865348816, "subject_3": 0.9722222089767456, "subject_5": 0.9513888955116272, "subject_6": 0.9305555820465088, "subject_7": 0.9791666865348816, "subject_8": 0.9895833134651184, "subject_9": 0.9965277910232544, "total": 0.9683159589767456}, "val_acc": {"subject_1": 0.8298611044883728, "subject_2": 0.5729166865348816, "subject_3": 0.8993055820465088, "subject_5": 0.7708333134651184, "subject_6": 0.6284722089767456, "subject_7": 0.8819444179534912, "subject_8": 0.7951388955116272, "subject_9": 0.8298611044883728, "total": 0.7760416865348816}, "test_acc": {"subject_4": 0.5416666865348816, "total": 0.5416666865348816}}, "5": {"train_acc": {"subject_1": 0.9930555820465088, "subject_2": 0.9513888955116272, "subject_3": 0.9826388955116272, "subject_4": 0.9305555820465088, "subject_6": 0.9166666865348816, "subject_7": 0.9895833134651184, "subject_8": 0.9756944179534912, "subject_9": 0.9895833134651184, "total": 0.9661458134651184}, "val_acc": {"subject_1": 0.8229166865348816, "subject_2": 0.5729166865348816, "subject_3": 0.9131944179534912, "subject_4": 0.7291666865348816, "subject_6": 0.6666666865348816, "subject_7": 0.8194444179534912, "subject_8": 0.7916666865348816, "subject_9": 0.8541666865348816, "total": 0.7712673544883728}, "test_acc": {"subject_5": 0.6701388955116272, "total": 0.6701388955116272}}, "6": {"train_acc": {"subject_1": 0.9930555820465088, "subject_2": 0.9548611044883728, "subject_3": 0.9826388955116272, "subject_4": 0.9270833134651184, "subject_5": 0.9513888955116272, "subject_7": 0.9930555820465088, "subject_8": 0.9722222089767456, "subject_9": 0.9756944179534912, "total": 0.96875}, "val_acc": {"subject_1": 0.8576388955116272, "subject_2": 0.5625, "subject_3": 0.8958333134651184, "subject_4": 0.7118055820465088, "subject_5": 0.7291666865348816, "subject_7": 0.8263888955116272, "subject_8": 0.8159722089767456, "subject_9": 0.8611111044883728, "total": 0.7825520634651184}, "test_acc": {"subject_6": 0.4930555522441864, "total": 0.4930555522441864}}, "7": {"train_acc": {"subject_1": 0.9861111044883728, "subject_2": 0.9340277910232544, "subject_3": 0.9791666865348816, "subject_4": 0.9236111044883728, "subject_5": 0.9409722089767456, "subject_6": 0.9027777910232544, "subject_8": 0.9895833134651184, "subject_9": 0.9861111044883728, "total": 0.9552951455116272}, "val_acc": {"subject_1": 0.8194444179534912, "subject_2": 0.5694444179534912, "subject_3": 0.9201388955116272, "subject_4": 0.6979166865348816, "subject_5": 0.7916666865348816, "subject_6": 0.6319444179534912, "subject_8": 0.7847222089767456, "subject_9": 0.8506944179534912, "total": 0.7582465410232544}, "test_acc": {"subject_7": 0.7673611044883728, "total": 0.7673611044883728}}, "8": {"train_acc": {"subject_1": 0.9861111044883728, "subject_2": 0.9201388955116272, "subject_3": 0.9861111044883728, "subject_4": 0.9201388955116272, "subject_5": 0.9513888955116272, "subject_6": 0.9201388955116272, "subject_7": 0.9930555820465088, "subject_9": 0.9791666865348816, "total": 0.95703125}, "val_acc": {"subject_1": 0.84375, "subject_2": 0.5694444179534912, "subject_3": 0.9270833134651184, "subject_4": 0.7013888955116272, "subject_5": 0.7743055820465088, "subject_6": 0.6354166865348816, "subject_7": 0.8472222089767456, "subject_9": 0.8298611044883728, "total": 0.7660590410232544}, "test_acc": {"subject_8": 0.7291666865348816, "total": 0.7291666865348816}}, "9": {"train_acc": {"subject_1": 0.9861111044883728, "subject_2": 0.9201388955116272, "subject_3": 0.9791666865348816, "subject_4": 0.9236111044883728, "subject_5": 0.9479166865348816, "subject_6": 0.9236111044883728, "subject_7": 0.9791666865348816, "subject_8": 0.9791666865348816, "total": 0.9548611044883728}, "val_acc": {"subject_1": 0.8020833134651184, "subject_2": 0.5104166865348816, "subject_3": 0.9166666865348816, "subject_4": 0.7152777910232544, "subject_5": 0.7743055820465088, "subject_6": 0.6493055820465088, "subject_7": 0.8854166865348816, "subject_8": 0.7951388955116272, "total": 0.7560763955116272}, "test_acc": {"subject_9": 0.7465277910232544, "total": 0.7465277910232544}}}