{"1": {"train_acc": {"subject_2": 0.8541666865348816, "subject_3": 0.9409722089767456, "subject_4": 0.7951388955116272, "subject_5": 0.8958333134651184, "subject_6": 0.8368055820465088, "subject_7": 0.9131944179534912, "subject_8": 0.9305555820465088, "subject_9": 0.9270833134651184, "total": 0.88671875}, "val_acc": {"subject_2": 0.5520833134651184, "subject_3": 0.8680555820465088, "subject_4": 0.6319444179534912, "subject_5": 0.6527777910232544, "subject_6": 0.5381944179534912, "subject_7": 0.7638888955116272, "subject_8": 0.7708333134651184, "subject_9": 0.7569444179534912, "total": 0.6918402910232544}, "test_acc": {"subject_1": 0.6770833134651184, "total": 0.6770833134651184}}, "2": {"train_acc": {"subject_1": 0.9479166865348816, "subject_3": 0.9618055820465088, "subject_4": 0.8020833134651184, "subject_5": 0.8576388955116272, "subject_6": 0.8680555820465088, "subject_7": 0.9305555820465088, "subject_8": 0.9270833134651184, "subject_9": 0.9305555820465088, "total": 0.9032118320465088}, "val_acc": {"subject_1": 0.7916666865348816, "subject_3": 0.875, "subject_4": 0.6284722089767456, "subject_5": 0.6805555820465088, "subject_6": 0.5590277910232544, "subject_7": 0.8263888955116272, "subject_8": 0.7534722089767456, "subject_9": 0.8055555820465088, "total": 0.7400173544883728}, "test_acc": {"subject_2": 0.4305555522441864, "total": 0.4305555522441864}}, "3": {"train_acc": {"subject_1": 0.8993055820465088, "subject_2": 0.8506944179534912, "subject_4": 0.84375, "subject_5": 0.875, "subject_6": 0.8194444179534912, "subject_7": 0.9340277910232544, "subject_8": 0.9270833134651184, "subject_9": 0.9375, "total": 0.8858506679534912}, "val_acc": {"subject_1": 0.7256944179534912, "subject_2": 0.5208333134651184, "subject_4": 0.6215277910232544, "subject_5": 0.7152777910232544, "subject_6": 0.5659722089767456, "subject_7": 0.7743055820465088, "subject_8": 0.7638888955116272, "subject_9": 0.7847222089767456, "total": 0.6840277910232544}, "test_acc": {"subject_3": 0.7986111044883728, "total": 0.7986111044883728}}, "4": {"train_acc": {"subject_1": 0.9305555820465088, "subject_2": 0.8611111044883728, "subject_3": 0.9409722089767456, "subject_5": 0.8958333134651184, "subject_6": 0.8611111044883728, "subject_7": 0.9409722089767456, "subject_8": 0.9409722089767456, "subject_9": 0.9270833134651184, "total": 0.9123263955116272}, "val_acc": {"subject_1": 0.8229166865348816, "subject_2": 0.5138888955116272, "subject_3": 0.8576388955116272, "subject_5": 0.6527777910232544, "subject_6": 0.5729166865348816, "subject_7": 0.8298611044883728, "subject_8": 0.7534722089767456, "subject_9": 0.8090277910232544, "total": 0.7265625}, "test_acc": {"subject_4": 0.5277777910232544, "total": 0.5277777910232544}}, "5": {"train_acc": {"subject_1": 0.9409722089767456, "subject_2": 0.84375, "subject_3": 0.9270833134651184, "subject_4": 0.875, "subject_6": 0.8368055820465088, "subject_7": 0.8923611044883728, "subject_8": 0.9305555820465088, "subject_9": 0.9375, "total": 0.8980034589767456}, "val_acc": {"subject_1": 0.7916666865348816, "subject_2": 0.5173611044883728, "subject_3": 0.8819444179534912, "subject_4": 0.6805555820465088, "subject_6": 0.6041666865348816, "subject_7": 0.7916666865348816, "subject_8": 0.8055555820465088, "subject_9": 0.7916666865348816, "total": 0.7330729365348816}, "test_acc": {"subject_5": 0.5763888955116272, "total": 0.5763888955116272}}, "6": {"train_acc": {"subject_1": 0.9340277910232544, "subject_2": 0.8993055820465088, "subject_3": 0.9409722089767456, "subject_4": 0.8715277910232544, "subject_5": 0.8784722089767456, "subject_7": 0.9409722089767456, "subject_8": 0.9340277910232544, "subject_9": 0.9513888955116272, "total": 0.9188368320465088}, "val_acc": {"subject_1": 0.8055555820465088, "subject_2": 0.5208333134651184, "subject_3": 0.84375, "subject_4": 0.6770833134651184, "subject_5": 0.6875, "subject_7": 0.8125, "subject_8": 0.7708333134651184, "subject_9": 0.8125, "total": 0.7413194179534912}, "test_acc": {"subject_6": 0.4548611044883728, "total": 0.4548611044883728}}, "7": {"train_acc": {"subject_1": 0.9027777910232544, "subject_2": 0.8333333134651184, "subject_3": 0.9479166865348816, "subject_4": 0.84375, "subject_5": 0.8958333134651184, "subject_6": 0.8819444179534912, "subject_8": 0.9201388955116272, "subject_9": 0.9340277910232544, "total": 0.8949652910232544}, "val_acc": {"subject_1": 0.78125, "subject_2": 0.5243055820465088, "subject_3": 0.875, "subject_4": 0.6284722089767456, "subject_5": 0.6631944179534912, "subject_6": 0.5347222089767456, "subject_8": 0.7847222089767456, "subject_9": 0.7465277910232544, "total": 0.6922743320465088}, "test_acc": {"subject_7": 0.6701388955116272, "total": 0.6701388955116272}}, "8": {"train_acc": {"subject_1": 0.9270833134651184, "subject_2": 0.8333333134651184, "subject_3": 0.9444444179534912, "subject_4": 0.8125, "subject_5": 0.8784722089767456, "subject_6": 0.8368055820465088, "subject_7": 0.9340277910232544, "subject_9": 0.8993055820465088, "total": 0.8832465410232544}, "val_acc": {"subject_1": 0.7361111044883728, "subject_2": 0.5416666865348816, "subject_3": 0.8680555820465088, "subject_4": 0.6111111044883728, "subject_5": 0.65625, "subject_6": 0.5520833134651184, "subject_7": 0.8020833134651184, "subject_9": 0.7847222089767456, "total": 0.6940104365348816}, "test_acc": {"subject_8": 0.6597222089767456, "total": 0.6597222089767456}}, "9": {"train_acc": {"subject_1": 0.9236111044883728, "subject_2": 0.8402777910232544, "subject_3": 0.9479166865348816, "subject_4": 0.84375, "subject_5": 0.8784722089767456, "subject_6": 0.84375, "subject_7": 0.9409722089767456, "subject_8": 0.9270833134651184, "total": 0.8932291865348816}, "val_acc": {"subject_1": 0.8194444179534912, "subject_2": 0.5277777910232544, "subject_3": 0.8819444179534912, "subject_4": 0.6215277910232544, "subject_5": 0.6666666865348816, "subject_6": 0.5833333134651184, "subject_7": 0.7986111044883728, "subject_8": 0.78125, "total": 0.7100694179534912}, "test_acc": {"subject_9": 0.7152777910232544, "total": 0.7152777910232544}}}