{
    "1": {
        "train_acc": {
            "subject_2": 0.96875,
            "subject_3": 0.9861111044883728,
            "subject_4": 0.9201388955116272,
            "subject_5": 0.9618055820465088,
            "subject_6": 0.9479166865348816,
            "subject_7": 0.9826388955116272,
            "subject_8": 0.9826388955116272,
            "subject_9": 0.9861111044883728,
            "total": 0.9670138955116272
        },
        "val_acc": {
            "subject_2": 0.6597222089767456,
            "subject_3": 0.8993055820465088,
            "subject_4": 0.7118055820465088,
            "subject_5": 0.7916666865348816,
            "subject_6": 0.6388888955116272,
            "subject_7": 0.8402777910232544,
            "subject_8": 0.8125,
            "subject_9": 0.8472222089767456,
            "total": 0.7751736044883728
        },
        "test_acc": {
            "subject_1": 0.7118055820465088,
            "total": 0.7118055820465088
        }
    },
    "2": {
        "train_acc": {
            "subject_1": 0.9895833134651184,
            "subject_3": 0.9930555820465088,
            "subject_4": 0.9444444179534912,
            "subject_5": 0.9618055820465088,
            "subject_6": 0.9513888955116272,
            "subject_7": 0.9965277910232544,
            "subject_8": 0.9756944179534912,
            "subject_9": 0.9652777910232544,
            "total": 0.9722222089767456
        },
        "val_acc": {
            "subject_1": 0.8368055820465088,
            "subject_3": 0.9027777910232544,
            "subject_4": 0.7013888955116272,
            "subject_5": 0.7951388955116272,
            "subject_6": 0.6423611044883728,
            "subject_7": 0.8611111044883728,
            "subject_8": 0.8402777910232544,
            "subject_9": 0.8402777910232544,
            "total": 0.8025173544883728
        },
        "test_acc": {
            "subject_2": 0.4722222089767456,
            "total": 0.4722222089767456
        }
    },
    "3": {
        "train_acc": {
            "subject_1": 0.9722222089767456,
            "subject_2": 0.9618055820465088,
            "subject_4": 0.9375,
            "subject_5": 0.9340277910232544,
            "subject_6": 0.9548611044883728,
            "subject_7": 0.9826388955116272,
            "subject_8": 0.9895833134651184,
            "subject_9": 0.9861111044883728,
            "total": 0.96484375
        },
        "val_acc": {
            "subject_1": 0.8194444179534912,
            "subject_2": 0.6145833134651184,
            "subject_4": 0.6944444179534912,
            "subject_5": 0.7916666865348816,
            "subject_6": 0.6909722089767456,
            "subject_7": 0.8472222089767456,
            "subject_8": 0.8472222089767456,
            "subject_9": 0.8333333134651184,
            "total": 0.7673611044883728
        },
        "test_acc": {
            "subject_3": 0.8645833134651184,
            "total": 0.8645833134651184
        }
    },
    "4": {
        "train_acc": {
            "subject_1": 0.9895833134651184,
            "subject_2": 0.9513888955116272,
            "subject_3": 0.9756944179534912,
            "subject_5": 0.9548611044883728,
            "subject_6": 0.9444444179534912,
            "subject_7": 0.9930555820465088,
            "subject_8": 0.9756944179534912,
            "subject_9": 1.0,
            "total": 0.9730902910232544
        },
        "val_acc": {
            "subject_1": 0.8472222089767456,
            "subject_2": 0.6111111044883728,
            "subject_3": 0.9131944179534912,
            "subject_5": 0.8055555820465088,
            "subject_6": 0.625,
            "subject_7": 0.8923611044883728,
            "subject_8": 0.8402777910232544,
            "subject_9": 0.8229166865348816,
            "total": 0.7947048544883728
        },
        "test_acc": {
            "subject_4": 0.6041666865348816,
            "total": 0.6041666865348816
        }
    },
    "5": {
        "train_acc": {
            "subject_1": 0.9895833134651184,
            "subject_2": 0.9513888955116272,
            "subject_3": 0.9791666865348816,
            "subject_4": 0.9409722089767456,
            "subject_6": 0.9201388955116272,
            "subject_7": 0.9861111044883728,
            "subject_8": 0.96875,
            "subject_9": 0.9722222089767456,
            "total": 0.9635416865348816
        },
        "val_acc": {
            "subject_1": 0.8263888955116272,
            "subject_2": 0.6319444179534912,
            "subject_3": 0.9131944179534912,
            "subject_4": 0.7395833134651184,
            "subject_6": 0.6597222089767456,
            "subject_7": 0.8611111044883728,
            "subject_8": 0.8645833134651184,
            "subject_9": 0.8263888955116272,
            "total": 0.7903645634651184
        },
        "test_acc": {
            "subject_5": 0.6631944179534912,
            "total": 0.6631944179534912
        }
    },
    "6": {
        "train_acc": {
            "subject_1": 0.9965277910232544,
            "subject_2": 0.9513888955116272,
            "subject_3": 0.9826388955116272,
            "subject_4": 0.9236111044883728,
            "subject_5": 0.9548611044883728,
            "subject_7": 0.9965277910232544,
            "subject_8": 0.9826388955116272,
            "subject_9": 0.9756944179534912,
            "total": 0.9704861044883728
        },
        "val_acc": {
            "subject_1": 0.8229166865348816,
            "subject_2": 0.6111111044883728,
            "subject_3": 0.8993055820465088,
            "subject_4": 0.7118055820465088,
            "subject_5": 0.8090277910232544,
            "subject_7": 0.8611111044883728,
            "subject_8": 0.8333333134651184,
            "subject_9": 0.8472222089767456,
            "total": 0.7994791865348816
        },
        "test_acc": {
            "subject_6": 0.5451388955116272,
            "total": 0.5451388955116272
        }
    },
    "7": {
        "train_acc": {
            "subject_1": 0.9826388955116272,
            "subject_2": 0.9479166865348816,
            "subject_3": 0.9826388955116272,
            "subject_4": 0.9305555820465088,
            "subject_5": 0.9722222089767456,
            "subject_6": 0.9340277910232544,
            "subject_8": 0.9826388955116272,
            "subject_9": 0.9791666865348816,
            "total": 0.9639756679534912
        },
        "val_acc": {
            "subject_1": 0.84375,
            "subject_2": 0.6180555820465088,
            "subject_3": 0.9131944179534912,
            "subject_4": 0.6979166865348816,
            "subject_5": 0.7916666865348816,
            "subject_6": 0.65625,
            "subject_8": 0.8506944179534912,
            "subject_9": 0.8055555820465088,
            "total": 0.7721354365348816
        },
        "test_acc": {
            "subject_7": 0.7777777910232544,
            "total": 0.7777777910232544
        }
    },
    "8": {
        "train_acc": {
            "subject_1": 0.9861111044883728,
            "subject_2": 0.9340277910232544,
            "subject_3": 0.9826388955116272,
            "subject_4": 0.9201388955116272,
            "subject_5": 0.9513888955116272,
            "subject_6": 0.9166666865348816,
            "subject_7": 0.9861111044883728,
            "subject_9": 0.9861111044883728,
            "total": 0.9578993320465088
        },
        "val_acc": {
            "subject_1": 0.8194444179534912,
            "subject_2": 0.5798611044883728,
            "subject_3": 0.9201388955116272,
            "subject_4": 0.6979166865348816,
            "subject_5": 0.7777777910232544,
            "subject_6": 0.6666666865348816,
            "subject_7": 0.8680555820465088,
            "subject_9": 0.8298611044883728,
            "total": 0.7699652910232544
        },
        "test_acc": {
            "subject_8": 0.75,
            "total": 0.75
        }
    },
    "9": {
        "train_acc": {
            "subject_1": 0.9861111044883728,
            "subject_2": 0.9375,