{"1": 0.5243055820465088, "2": 0.2916666567325592, "3": 0.6354166865348816, "4": 0.5277777910232544, "5": 0.4444444477558136, "6": 0.4861111044883728, "7": 0.5833333134651184, "8": 0.5104166865348816, "9": 0.6215277910232544}