{"1": 0.6388888955116272, "2": 0.4340277910232544, "3": 0.7986111044883728, "4": 0.5243055820465088, "5": 0.5763888955116272, "6": 0.4236111044883728, "7": 0.7222222089767456, "8": 0.6875, "9": 0.7326388955116272}