{"1": 0.4548611044883728, "2": 0.3576388955116272, "3": 0.4618055522441864, "4": 0.40625, "5": 0.5, "6": 0.3680555522441864, "7": 0.5416666865348816, "8": 0.4375, "9": 0.4618055522441864}