{"1": 0.7048611044883728, "2": 0.46875, "3": 0.8541666865348816, "4": 0.6180555820465088, "5": 0.6597222089767456, "6": 0.5451388955116272, "7": 0.7638888955116272, "8": 0.7569444179534912, "9": 0.7569444179534912}