{"1": 0.5416666865348816, "2": 0.3020833432674408, "3": 0.7048611044883728, "4": 0.5347222089767456, "5": 0.375, "6": 0.4305555522441864, "7": 0.5555555820465088, "8": 0.5902777910232544, "9": 0.6527777910232544}