{"1": 0.5347222089767456, "2": 0.3125, "3": 0.6458333134651184, "4": 0.5173611044883728, "5": 0.4583333432674408, "6": 0.4513888955116272, "7": 0.5555555820465088, "8": 0.5486111044883728, "9": 0.6284722089767456}