{"1": 0.5416666865348816, "2": 0.3125, "3": 0.65625, "4": 0.5138888955116272, "5": 0.4583333432674408, "6": 0.4548611044883728, "7": 0.5555555820465088, "8": 0.5520833134651184, "9": 0.6180555820465088}